{"ticker": "AAL", "week_52_high": 16.5, "week_52_low": 8.5, "day_high": 12.930000305175781, "day_low": 12.399999618530273, "volume": 66885600, "avg_volume": 57359390}