{"ticker": "MSFT", "week_52_high": 555.4500122070312, "week_52_low": 344.7900085449219, "day_high": 411.0299987792969, "day_low": 400.30999755859375, "volume": 35750900, "avg_volume": 33164056}