{"ticker": "AMD", "week_52_high": 267.0799865722656, "week_52_low": 76.4800033569336, "day_high": 202.44000244140625, "day_low": 189.86000061035156, "volume": 40781100, "avg_volume": 36127655}