{"ticker": "AAPL", "week_52_high": 288.6199951171875, "week_52_low": 169.2100067138672, "day_high": 266.1499938964844, "day_low": 261.4200134277344, "volume": 39751400, "avg_volume": 48097171}