{"ticker": "GOOGL", "week_52_high": 349.0, "week_52_low": 140.52999877929688, "day_high": 305.4700012207031, "day_low": 300.75, "volume": 29483500, "avg_volume": 34308213}